Time[s],CH1[V],CH2[V],
-2.4400004e-05,-0.00000e+00,-0.00000e+00,
-2.4200004e-05,-4.00000e-02,-0.00000e+00,
-2.4000004e-05,-4.00000e-02,4.00000e-02,
-2.3800005e-05,4.00000e-02,-0.00000e+00,
-2.3600005e-05,-0.00000e+00,-0.00000e+00,
-2.3400005e-05,-4.00000e-02,4.00000e-02,
-2.3200006e-05,-4.00000e-02,-0.00000e+00,
-2.3000006e-05,4.00000e-02,4.00000e-02,
-2.2800006e-05,-4.00000e-02,-0.00000e+00,
-2.2600007e-05,-0.00000e+00,-0.00000e+00,
-2.2400007e-05,-0.00000e+00,-0.00000e+00,
-2.2200007e-05,-4.00000e-02,4.00000e-02,
-2.2000007e-05,4.00000e-02,-0.00000e+00,
-2.1800008e-05,-4.00000e-02,-0.00000e+00,
-2.1600008e-05,-4.00000e-02,-0.00000e+00,
-2.1400008e-05,4.00000e-02,4.00000e-02,
-2.1200009e-05,-4.00000e-02,-0.00000e+00,
-2.1000009e-05,4.00000e-02,-0.00000e+00,
-2.0800009e-05,-0.00000e+00,-0.00000e+00,
-2.0600010e-05,-4.00000e-02,-0.00000e+00,
-2.0400010e-05,-4.00000e-02,-0.00000e+00,
-2.0200010e-05,4.00000e-02,-7.99999e-02,
-2.0000010e-05,-4.00000e-02,-0.00000e+00,
-1.9800011e-05,4.00000e-02,-0.00000e+00,
-1.9600011e-05,4.00000e-02,-0.00000e+00,
-1.9400011e-05,-4.00000e-02,-0.00000e+00,
-1.9200012e-05,-4.00000e-02,-0.00000e+00,
-1.9000012e-05,4.00000e-02,4.00000e-02,
-1.8800012e-05,-0.00000e+00,-0.00000e+00,
-1.8600012e-05,-4.00000e-02,4.00000e-02,
-1.8400013e-05,4.00000e-02,-0.00000e+00,
-1.8200013e-05,-4.00000e-02,4.00000e-02,
-1.8000013e-05,4.00000e-02,-0.00000e+00,
-1.7800014e-05,-4.00000e-02,4.00000e-02,
-1.7600014e-05,4.00000e-02,-0.00000e+00,
-1.7400014e-05,-4.00000e-02,-0.00000e+00,
-1.7200015e-05,-4.00000e-02,-0.00000e+00,
-1.7000015e-05,4.00000e-02,-0.00000e+00,
-1.6800015e-05,-0.00000e+00,-0.00000e+00,
-1.6600015e-05,-4.00000e-02,4.00000e-02,
-1.6400016e-05,-4.00000e-02,-0.00000e+00,
-1.6200016e-05,4.00000e-02,-0.00000e+00,
-1.6000016e-05,-4.00000e-02,-0.00000e+00,
-1.5800017e-05,-0.00000e+00,4.00000e-02,
-1.5600017e-05,-4.00000e-02,-0.00000e+00,
-1.5400017e-05,-0.00000e+00,-0.00000e+00,
-1.5200018e-05,4.00000e-02,-0.00000e+00,
-1.5000018e-05,-4.00000e-02,4.00000e-02,
-1.4800018e-05,-0.00000e+00,-0.00000e+00,
-1.4600018e-05,-4.00000e-02,-0.00000e+00,
-1.4400019e-05,-4.00000e-02,-0.00000e+00,
-1.4200019e-05,4.00000e-02,4.00000e-02,
-1.4000019e-05,-4.00000e-02,-0.00000e+00,
-1.3800020e-05,4.00000e-02,-0.00000e+00,
-1.3600020e-05,-4.00000e-02,-0.00000e+00,
-1.3400020e-05,4.00000e-02,4.00000e-02,
-1.3200020e-05,-4.00000e-02,-0.00000e+00,
-1.3000021e-05,-0.00000e+00,4.00000e-02,
-1.2800021e-05,-4.00000e-02,-0.00000e+00,
-1.2600021e-05,4.00000e-02,-0.00000e+00,
-1.2400022e-05,4.00000e-02,-0.00000e+00,
-1.2200022e-05,-4.00000e-02,4.00000e-02,
-1.2000022e-05,-0.00000e+00,-0.00000e+00,
-1.1800023e-05,-4.00000e-02,-0.00000e+00,
-1.1600023e-05,-0.00000e+00,-0.00000e+00,
-1.1400023e-05,-4.00000e-02,-0.00000e+00,
-1.1200023e-05,-4.00000e-02,-0.00000e+00,
-1.1000024e-05,4.00000e-02,4.00000e-02,
-1.0800024e-05,-4.00000e-02,-0.00000e+00,
-1.0600024e-05,-0.00000e+00,4.00000e-02,
-1.0400025e-05,-4.00000e-02,-0.00000e+00,
-1.0200025e-05,4.00000e-02,-0.00000e+00,
-1.0000025e-05,-4.00000e-02,-0.00000e+00,
-9.8000255e-06,4.00000e-02,-0.00000e+00,
-9.6000258e-06,-4.00000e-02,-0.00000e+00,
-9.4000261e-06,4.00000e-02,-0.00000e+00,
-9.2000264e-06,-4.00000e-02,-0.00000e+00,
-9.0000267e-06,-0.00000e+00,4.00000e-02,
-8.8000270e-06,-4.00000e-02,-0.00000e+00,
-8.6000273e-06,4.00000e-02,-0.00000e+00,
-8.4000276e-06,4.00000e-02,-0.00000e+00,
-8.2000279e-06,-4.00000e-02,-0.00000e+00,
-8.0000282e-06,-4.00000e-02,4.00000e-02,
-7.8000285e-06,4.00000e-02,-0.00000e+00,
-7.6000283e-06,4.00000e-02,4.00000e-02,
-7.4000282e-06,-4.00000e-02,-0.00000e+00,
-7.2000280e-06,-0.00000e+00,-0.00000e+00,
-7.0000278e-06,-4.00000e-02,4.00000e-02,
-6.8000277e-06,-4.00000e-02,-0.00000e+00,
-6.6000275e-06,4.00000e-02,-0.00000e+00,
-6.4000274e-06,-4.00000e-02,-0.00000e+00,
-6.2000272e-06,4.00000e-02,-0.00000e+00,
-6.0000270e-06,-4.00000e-02,4.00000e-02,
-5.8000269e-06,-0.00000e+00,-7.99999e-02,
-5.6000267e-06,-4.00000e-02,-0.00000e+00,
-5.4000266e-06,4.00000e-02,-0.00000e+00,
-5.2000264e-06,-4.00000e-02,-0.00000e+00,
-5.0000262e-06,4.00000e-02,-0.00000e+00,
-4.8000261e-06,-0.00000e+00,4.00000e-02,
-4.6000259e-06,-4.00000e-02,-0.00000e+00,
-4.4000258e-06,-4.00000e-02,-0.00000e+00,
-4.2000256e-06,-0.00000e+00,4.00000e-02,
-4.0000255e-06,-0.00000e+00,-0.00000e+00,
-3.8000255e-06,-4.00000e-02,-0.00000e+00,
-3.6000256e-06,-4.00000e-02,-0.00000e+00,
-3.4000257e-06,-0.00000e+00,4.00000e-02,
-3.2000257e-06,-4.00000e-02,-0.00000e+00,
-3.0000258e-06,-0.00000e+00,-0.00000e+00,
-2.8000259e-06,-0.00000e+00,-0.00000e+00,
-2.6000259e-06,-4.00000e-02,4.00000e-02,
-2.4000260e-06,4.00000e-02,-0.00000e+00,
-2.2000261e-06,-4.00000e-02,4.00000e-02,
-2.0000261e-06,4.00000e-02,-0.00000e+00,
-1.8000261e-06,-4.00000e-02,4.00000e-02,
-1.6000261e-06,-4.00000e-02,-0.00000e+00,
-1.4000260e-06,4.00000e-02,-0.00000e+00,
-1.2000260e-06,-4.00000e-02,-0.00000e+00,
-1.0000259e-06,-0.00000e+00,4.00000e-02,
-8.0002593e-07,-4.00000e-02,-0.00000e+00,
-6.0002594e-07,4.00000e-02,-0.00000e+00,
-4.0002595e-07,-4.00000e-02,-0.00000e+00,
-2.0002595e-07,-0.00000e+00,-0.00000e+00,
-2.5949021e-11,-1.20000e-01,-0.00000e+00,
1.9997405e-07,-0.00000e+00,3.36000e+00,
3.9997406e-07,-4.00000e-02,3.36000e+00,
5.9997404e-07,-0.00000e+00,3.32000e+00,
7.9997403e-07,-4.00000e-02,3.36000e+00,
9.9997408e-07,-0.00000e+00,3.32000e+00,
1.1999741e-06,-4.00000e-02,3.32000e+00,
1.3999742e-06,-0.00000e+00,3.36000e+00,
1.5999742e-06,-0.00000e+00,3.32000e+00,
1.7999743e-06,-4.00000e-02,3.28000e+00,
1.9999743e-06,-4.00000e-02,3.32000e+00,
2.1999742e-06,-0.00000e+00,3.32000e+00,
2.3999742e-06,-0.00000e+00,3.32000e+00,
2.5999741e-06,-4.00000e-02,3.28000e+00,
2.7999740e-06,-4.00000e-02,3.32000e+00,
2.9999740e-06,-0.00000e+00,3.28000e+00,
3.1999739e-06,-4.00000e-02,3.32000e+00,
3.3999738e-06,-0.00000e+00,3.36000e+00,
3.5999738e-06,-0.00000e+00,3.32000e+00,
3.7999737e-06,-4.00000e-02,3.28000e+00,
3.9999736e-06,-4.00000e-02,3.28000e+00,
4.1999738e-06,-0.00000e+00,3.32000e+00,
4.3999739e-06,-4.00000e-02,3.28000e+00,
4.5999741e-06,-0.00000e+00,3.32000e+00,
4.7999742e-06,-4.00000e-02,3.32000e+00,
4.9999744e-06,3.40000e+00,-7.99999e-02,
5.1999746e-06,3.36000e+00,-7.99999e-02,
5.3999747e-06,3.36000e+00,-7.99999e-02,
5.5999749e-06,3.36000e+00,-7.99999e-02,
5.7999750e-06,3.32000e+00,-7.99999e-02,
5.9999752e-06,3.32000e+00,-7.99999e-02,
6.1999754e-06,3.36000e+00,-0.00000e+00,
6.3999755e-06,3.32000e+00,-7.99999e-02,
6.5999757e-06,3.36000e+00,-7.99999e-02,
6.7999758e-06,3.32000e+00,-7.99999e-02,
6.9999760e-06,3.32000e+00,-0.00000e+00,
7.1999762e-06,3.32000e+00,-7.99999e-02,
7.3999763e-06,3.32000e+00,-0.00000e+00,
7.5999765e-06,3.32000e+00,-7.99999e-02,
7.7999766e-06,3.32000e+00,-0.00000e+00,
7.9999763e-06,3.32000e+00,-0.00000e+00,
8.1999760e-06,3.28000e+00,-7.99999e-02,
8.3999757e-06,3.32000e+00,-0.00000e+00,
8.5999754e-06,3.32000e+00,-7.99999e-02,
8.7999751e-06,3.32000e+00,-0.00000e+00,
8.9999749e-06,3.28000e+00,-7.99999e-02,
9.1999746e-06,3.32000e+00,-7.99999e-02,
9.3999743e-06,3.28000e+00,-0.00000e+00,
9.5999740e-06,3.28000e+00,-0.00000e+00,
9.7999737e-06,3.32000e+00,-7.99999e-02,
9.9999734e-06,3.32000e+00,-0.00000e+00,
1.0199973e-05,3.16000e+00,3.32000e+00,
1.0399973e-05,3.32000e+00,3.32000e+00,
1.0599972e-05,3.28000e+00,3.36000e+00,
1.0799972e-05,3.28000e+00,3.32000e+00,
1.0999972e-05,3.32000e+00,3.32000e+00,
1.1199972e-05,3.28000e+00,3.32000e+00,
1.1399971e-05,3.32000e+00,3.28000e+00,
1.1599971e-05,3.28000e+00,3.32000e+00,
1.1799971e-05,3.32000e+00,3.32000e+00,
1.1999970e-05,3.32000e+00,3.32000e+00,
1.2199970e-05,3.28000e+00,3.28000e+00,
1.2399970e-05,3.32000e+00,3.32000e+00,
1.2599970e-05,3.28000e+00,3.28000e+00,
1.2799969e-05,3.32000e+00,3.28000e+00,
1.2999969e-05,3.28000e+00,3.32000e+00,
1.3199969e-05,3.32000e+00,3.32000e+00,
1.3399968e-05,3.28000e+00,3.28000e+00,
1.3599968e-05,3.28000e+00,3.28000e+00,
1.3799968e-05,3.32000e+00,3.32000e+00,
1.3999967e-05,3.28000e+00,3.28000e+00,
1.4199967e-05,3.32000e+00,3.32000e+00,
1.4399967e-05,3.28000e+00,3.32000e+00,
1.4599967e-05,3.32000e+00,3.28000e+00,
1.4799966e-05,3.32000e+00,3.32000e+00,
1.4999966e-05,-1.20000e-01,-7.99999e-02,
1.5199966e-05,-7.99999e-02,-0.00000e+00,
1.5399966e-05,-1.20000e-01,-7.99999e-02,
1.5599966e-05,-7.99999e-02,-7.99999e-02,
1.5799966e-05,-1.20000e-01,-7.99999e-02,
1.5999965e-05,-7.99999e-02,-7.99999e-02,
1.6199965e-05,-7.99999e-02,-7.99999e-02,
1.6399965e-05,-7.99999e-02,-7.99999e-02,
1.6599965e-05,-4.00000e-02,-0.00000e+00,
1.6799964e-05,-7.99999e-02,-7.99999e-02,
1.6999964e-05,-4.00000e-02,-0.00000e+00,
1.7199964e-05,-7.99999e-02,-0.00000e+00,
1.7399963e-05,-4.00000e-02,-7.99999e-02,
1.7599963e-05,-4.00000e-02,-7.99999e-02,
1.7799963e-05,-7.99999e-02,-0.00000e+00,
1.7999962e-05,-4.00000e-02,-0.00000e+00,
1.8199962e-05,-7.99999e-02,-7.99999e-02,
1.8399962e-05,-4.00000e-02,-0.00000e+00,
1.8599962e-05,-7.99999e-02,-7.99999e-02,
1.8799961e-05,-4.00000e-02,-7.99999e-02,
1.8999961e-05,-7.99999e-02,-0.00000e+00,
1.9199961e-05,-7.99999e-02,-0.00000e+00,
1.9399960e-05,-4.00000e-02,-7.99999e-02,
1.9599960e-05,-4.00000e-02,-0.00000e+00,
1.9799960e-05,-4.00000e-02,-0.00000e+00,
1.9999959e-05,-4.00000e-02,-0.00000e+00,
2.0199959e-05,-1.60000e-01,3.36000e+00,
2.0399959e-05,-4.00000e-02,3.32000e+00,
2.0599959e-05,-4.00000e-02,3.32000e+00,
2.0799958e-05,-4.00000e-02,3.32000e+00,
2.0999958e-05,-4.00000e-02,3.32000e+00,
2.1199958e-05,-4.00000e-02,3.32000e+00,
2.1399957e-05,-4.00000e-02,3.32000e+00,
2.1599957e-05,-4.00000e-02,3.32000e+00,
2.1799957e-05,-4.00000e-02,3.32000e+00,
2.1999957e-05,-4.00000e-02,3.28000e+00,
2.2199956e-05,-4.00000e-02,3.32000e+00,
2.2399956e-05,-4.00000e-02,3.32000e+00,
2.2599956e-05,-0.00000e+00,3.28000e+00,
2.2799955e-05,-4.00000e-02,3.32000e+00,
2.2999955e-05,-0.00000e+00,3.28000e+00,
2.3199955e-05,-4.00000e-02,3.28000e+00,
2.3399954e-05,-0.00000e+00,3.32000e+00,
2.3599954e-05,-0.00000e+00,3.32000e+00,
2.3799954e-05,-4.00000e-02,3.28000e+00,
2.3999954e-05,-0.00000e+00,3.28000e+00,
2.4199953e-05,-4.00000e-02,3.32000e+00,
2.4399953e-05,-0.00000e+00,3.28000e+00,
2.4599953e-05,-4.00000e-02,3.32000e+00,
2.4799952e-05,-4.00000e-02,3.32000e+00,
2.4999952e-05,7.99999e-02,-7.99999e-02,
2.5199952e-05,-0.00000e+00,-7.99999e-02,
2.5399951e-05,-4.00000e-02,-1.20000e-01,
2.5599951e-05,-4.00000e-02,-7.99999e-02,
2.5799951e-05,-0.00000e+00,-7.99999e-02,
2.5999951e-05,-4.00000e-02,-7.99999e-02,
2.6199950e-05,-0.00000e+00,-7.99999e-02,
2.6399950e-05,-0.00000e+00,-7.99999e-02,
2.6599950e-05,-4.00000e-02,-7.99999e-02,
2.6799949e-05,-4.00000e-02,-7.99999e-02,
2.6999949e-05,-0.00000e+00,-0.00000e+00,
2.7199949e-05,-4.00000e-02,-7.99999e-02,
2.7399949e-05,-0.00000e+00,-7.99999e-02,
2.7599948e-05,-4.00000e-02,-7.99999e-02,
2.7799948e-05,-4.00000e-02,-0.00000e+00,
2.7999948e-05,-4.00000e-02,-0.00000e+00,
2.8199947e-05,-4.00000e-02,-7.99999e-02,
2.8399947e-05,-4.00000e-02,-7.99999e-02,
2.8599947e-05,-0.00000e+00,-0.00000e+00,
2.8799946e-05,-0.00000e+00,-7.99999e-02,
2.8999946e-05,-4.00000e-02,-0.00000e+00,
2.9199946e-05,-0.00000e+00,-7.99999e-02,
2.9399946e-05,-4.00000e-02,-0.00000e+00,
2.9599945e-05,-4.00000e-02,-7.99999e-02,
2.9799945e-05,-0.00000e+00,-0.00000e+00,
2.9999945e-05,-1.60000e-01,-0.00000e+00,
3.0199944e-05,-0.00000e+00,3.32000e+00,
3.0399944e-05,-4.00000e-02,3.32000e+00,
3.0599946e-05,-0.00000e+00,3.32000e+00,
3.0799947e-05,-4.00000e-02,3.32000e+00,
3.0999949e-05,-0.00000e+00,3.28000e+00,
3.1199950e-05,-4.00000e-02,3.32000e+00,
3.1399952e-05,-0.00000e+00,3.32000e+00,
3.1599953e-05,-0.00000e+00,3.32000e+00,
3.1799955e-05,-4.00000e-02,3.28000e+00,
3.1999956e-05,-4.00000e-02,3.32000e+00,
3.2199958e-05,-0.00000e+00,3.32000e+00,
3.2399959e-05,-0.00000e+00,3.32000e+00,
3.2599961e-05,-4.00000e-02,3.28000e+00,
3.2799962e-05,-4.00000e-02,3.32000e+00,
3.2999964e-05,-0.00000e+00,3.28000e+00,
3.3199965e-05,-4.00000e-02,3.28000e+00,
3.3399967e-05,-0.00000e+00,3.32000e+00,
3.3599968e-05,-4.00000e-02,3.28000e+00,
3.3799970e-05,-0.00000e+00,3.32000e+00,
3.3999971e-05,-4.00000e-02,3.28000e+00,
3.4199973e-05,-0.00000e+00,3.32000e+00,
3.4399975e-05,-0.00000e+00,3.28000e+00,
3.4599976e-05,-4.00000e-02,3.32000e+00,
3.4799978e-05,-4.00000e-02,3.32000e+00,
3.4999979e-05,1.20001e-01,-7.99999e-02,
3.5199981e-05,-0.00000e+00,-7.99999e-02,
3.5399982e-05,-4.00000e-02,-1.20000e-01,
3.5599984e-05,-0.00000e+00,-7.99999e-02,
3.5799985e-05,-4.00000e-02,-7.99999e-02,
3.5999987e-05,-4.00000e-02,-7.99999e-02,
3.6199988e-05,-0.00000e+00,-0.00000e+00,
3.6399990e-05,-0.00000e+00,-7.99999e-02,
3.6599991e-05,-4.00000e-02,-7.99999e-02,
3.6799993e-05,-4.00000e-02,-7.99999e-02,
3.6999994e-05,-0.00000e+00,-0.00000e+00,
3.7199996e-05,-4.00000e-02,-7.99999e-02,
3.7399997e-05,-0.00000e+00,-0.00000e+00,
3.7599999e-05,-4.00000e-02,-0.00000e+00,
3.7800000e-05,-0.00000e+00,-7.99999e-02,
3.8000002e-05,-4.00000e-02,-0.00000e+00,
3.8200003e-05,-0.00000e+00,-7.99999e-02,
3.8400005e-05,-4.00000e-02,-7.99999e-02,
3.8600007e-05,-0.00000e+00,-0.00000e+00,
3.8800008e-05,-4.00000e-02,-7.99999e-02,
3.9000010e-05,-4.00000e-02,-0.00000e+00,
3.9200011e-05,-4.00000e-02,-0.00000e+00,
3.9400013e-05,-0.00000e+00,-7.99999e-02,
3.9600014e-05,-4.00000e-02,-7.99999e-02,
3.9800016e-05,-0.00000e+00,-0.00000e+00,
4.0000017e-05,-1.60000e-01,-7.99999e-02,
4.0200019e-05,-0.00000e+00,3.32000e+00,
4.0400020e-05,-4.00000e-02,3.32000e+00,
4.0600022e-05,-0.00000e+00,3.32000e+00,
4.0800023e-05,-4.00000e-02,3.32000e+00,
4.1000025e-05,-0.00000e+00,3.28000e+00,
4.1200026e-05,-4.00000e-02,3.32000e+00,
4.1400028e-05,-0.00000e+00,3.32000e+00,
4.1600029e-05,-0.00000e+00,3.32000e+00,
4.1800031e-05,-4.00000e-02,3.28000e+00,
4.2000032e-05,-4.00000e-02,3.32000e+00,
4.2200034e-05,-0.00000e+00,3.28000e+00,
4.2400035e-05,-4.00000e-02,3.28000e+00,
4.2600037e-05,-0.00000e+00,3.32000e+00,
4.2800038e-05,-4.00000e-02,3.32000e+00,
4.3000040e-05,-0.00000e+00,3.28000e+00,
4.3200042e-05,-0.00000e+00,3.32000e+00,
4.3400043e-05,-4.00000e-02,3.28000e+00,
4.3600045e-05,-0.00000e+00,3.28000e+00,
4.3800046e-05,-4.00000e-02,3.32000e+00,
4.4000048e-05,-4.00000e-02,3.28000e+00,
4.4200049e-05,-0.00000e+00,3.32000e+00,
4.4400051e-05,-4.00000e-02,3.28000e+00,
4.4600052e-05,-0.00000e+00,3.32000e+00,
4.4800054e-05,-4.00000e-02,3.32000e+00,
4.5000055e-05,1.20001e-01,-0.00000e+00,
4.5200057e-05,-4.00000e-02,-0.00000e+00,
4.5400058e-05,-4.00000e-02,-7.99999e-02,
4.5600060e-05,-4.00000e-02,-7.99999e-02,
4.5800061e-05,-0.00000e+00,-7.99999e-02,
4.6000063e-05,-0.00000e+00,-7.99999e-02,
4.6200064e-05,-4.00000e-02,-7.99999e-02,
4.6400066e-05,-4.00000e-02,-7.99999e-02,
4.6600067e-05,-0.00000e+00,-0.00000e+00,
4.6800069e-05,-0.00000e+00,-7.99999e-02,
4.7000070e-05,-4.00000e-02,-7.99999e-02,
4.7200072e-05,-0.00000e+00,-7.99999e-02,
4.7400074e-05,-4.00000e-02,-7.99999e-02,
4.7600075e-05,-4.00000e-02,-7.99999e-02,
4.7800077e-05,-0.00000e+00,-0.00000e+00,
4.8000078e-05,-4.00000e-02,-7.99999e-02,
4.8200080e-05,-4.00000e-02,-0.00000e+00,
4.8400081e-05,-0.00000e+00,-0.00000e+00,
4.8600083e-05,-4.00000e-02,-7.99999e-02,
4.8800084e-05,-4.00000e-02,-0.00000e+00,
4.9000086e-05,-0.00000e+00,-7.99999e-02,
4.9200087e-05,-4.00000e-02,-0.00000e+00,
4.9400089e-05,-0.00000e+00,-7.99999e-02,
4.9600090e-05,-4.00000e-02,-7.99999e-02,
4.9800092e-05,-0.00000e+00,-0.00000e+00,
5.0000093e-05,-1.60000e-01,-7.99999e-02,
5.0200095e-05,-0.00000e+00,3.32000e+00,
5.0400096e-05,-4.00000e-02,3.32000e+00,
5.0600098e-05,-0.00000e+00,3.32000e+00,
5.0800099e-05,-4.00000e-02,3.32000e+00,
5.1000101e-05,-0.00000e+00,3.32000e+00,
5.1200102e-05,-4.00000e-02,3.32000e+00,
5.1400104e-05,-0.00000e+00,3.32000e+00,
5.1600106e-05,-0.00000e+00,3.32000e+00,
5.1800107e-05,-4.00000e-02,3.28000e+00,
5.2000109e-05,-4.00000e-02,3.32000e+00,
5.2200110e-05,-0.00000e+00,3.32000e+00,
5.2400112e-05,-0.00000e+00,3.32000e+00,
5.2600113e-05,-4.00000e-02,3.28000e+00,
5.2800115e-05,-0.00000e+00,3.32000e+00,
5.3000116e-05,-4.00000e-02,3.28000e+00,
5.3200118e-05,-4.00000e-02,3.32000e+00,
5.3400119e-05,-0.00000e+00,3.28000e+00,
5.3600121e-05,-0.00000e+00,3.28000e+00,
5.3800122e-05,-4.00000e-02,3.32000e+00,
5.4000124e-05,-4.00000e-02,3.28000e+00,
5.4200125e-05,-0.00000e+00,3.32000e+00,
5.4400127e-05,-0.00000e+00,3.28000e+00,
5.4600128e-05,-4.00000e-02,3.32000e+00,
5.4800130e-05,-4.00000e-02,3.32000e+00,
5.5000131e-05,1.20001e-01,-7.99999e-02,
5.5200133e-05,-4.00000e-02,-7.99999e-02,
5.5400134e-05,-0.00000e+00,-7.99999e-02,
5.5600136e-05,-0.00000e+00,-7.99999e-02,
5.5800137e-05,-4.00000e-02,-1.20000e-01,
5.6000139e-05,-4.00000e-02,-7.99999e-02,
5.6200141e-05,-0.00000e+00,-7.99999e-02,
5.6400142e-05,-0.00000e+00,-7.99999e-02,
5.6600144e-05,-4.00000e-02,-7.99999e-02,
5.6800145e-05,-4.00000e-02,-7.99999e-02,
5.7000147e-05,-0.00000e+00,-7.99999e-02,
5.7200148e-05,-4.00000e-02,-7.99999e-02,
5.7400150e-05,-0.00000e+00,-0.00000e+00,
5.7600151e-05,-0.00000e+00,-7.99999e-02,
5.7800153e-05,-4.00000e-02,-0.00000e+00,
5.8000154e-05,-0.00000e+00,-0.00000e+00,
5.8200156e-05,-4.00000e-02,-7.99999e-02,
5.8400157e-05,-4.00000e-02,-7.99999e-02,
5.8600159e-05,-0.00000e+00,-0.00000e+00,
5.8800160e-05,-4.00000e-02,-0.00000e+00,
5.9000162e-05,-0.00000e+00,-7.99999e-02,
5.9200163e-05,-4.00000e-02,-0.00000e+00,
5.9400165e-05,-0.00000e+00,-7.99999e-02,
5.9600166e-05,-4.00000e-02,-0.00000e+00,
5.9800168e-05,-0.00000e+00,-7.99999e-02,
6.0000169e-05,-0.00000e+00,-7.99999e-02,
6.0200171e-05,-1.20000e-01,3.32000e+00,
6.0400173e-05,-0.00000e+00,3.32000e+00,
6.0600174e-05,-4.00000e-02,3.32000e+00,
6.0800176e-05,-4.00000e-02,3.32000e+00,
6.1000177e-05,-0.00000e+00,3.32000e+00,
6.1200175e-05,-0.00000e+00,3.28000e+00,
6.1400176e-05,-4.00000e-02,3.32000e+00,
6.1600178e-05,-4.00000e-02,3.32000e+00,
6.1800180e-05,-0.00000e+00,3.28000e+00,
6.2000181e-05,-0.00000e+00,3.32000e+00,
6.2200183e-05,-4.00000e-02,3.28000e+00,
6.2400184e-05,-0.00000e+00,3.32000e+00,
6.2600186e-05,-4.00000e-02,3.28000e+00,
6.2800187e-05,-4.00000e-02,3.32000e+00,
6.3000189e-05,-0.00000e+00,3.28000e+00,
6.3200190e-05,-4.00000e-02,3.32000e+00,
6.3400192e-05,-0.00000e+00,3.28000e+00,
6.3600193e-05,-0.00000e+00,3.32000e+00,
6.3800195e-05,-4.00000e-02,3.28000e+00,
6.4000196e-05,-0.00000e+00,3.28000e+00,
6.4200198e-05,-4.00000e-02,3.32000e+00,
6.4400199e-05,-4.00000e-02,3.28000e+00,
6.4600201e-05,-0.00000e+00,3.32000e+00,
6.4800202e-05,-4.00000e-02,3.28000e+00,
6.5000204e-05,3.36000e+00,-7.99999e-02,
6.5200205e-05,3.40000e+00,-7.99999e-02,
6.5400207e-05,3.36000e+00,-7.99999e-02,
6.5600208e-05,3.36000e+00,-7.99999e-02,
6.5800210e-05,3.32000e+00,-7.99999e-02,
6.6000212e-05,3.32000e+00,-7.99999e-02,
6.6200213e-05,3.36000e+00,-7.99999e-02,
6.6400215e-05,3.32000e+00,-7.99999e-02,
6.6600216e-05,3.36000e+00,-0.00000e+00,
6.6800218e-05,3.32000e+00,-7.99999e-02,
6.7000219e-05,3.36000e+00,-7.99999e-02,
6.7200221e-05,3.32000e+00,-7.99999e-02,
6.7400222e-05,3.28000e+00,-0.00000e+00,
6.7600224e-05,3.32000e+00,-7.99999e-02,
6.7800225e-05,3.32000e+00,-0.00000e+00,
6.8000227e-05,3.32000e+00,-7.99999e-02,
6.8200228e-05,3.32000e+00,-0.00000e+00,
6.8400230e-05,3.32000e+00,-7.99999e-02,
6.8600231e-05,3.28000e+00,-0.00000e+00,
6.8800233e-05,3.32000e+00,-7.99999e-02,
6.9000234e-05,3.28000e+00,-0.00000e+00,
6.9200236e-05,3.32000e+00,-7.99999e-02,
6.9400237e-05,3.28000e+00,-0.00000e+00,
6.9600239e-05,3.32000e+00,-0.00000e+00,
6.9800240e-05,3.28000e+00,-7.99999e-02,
7.0000242e-05,3.32000e+00,-7.99999e-02,
7.0200243e-05,3.20000e+00,3.32000e+00,
7.0400245e-05,3.32000e+00,3.32000e+00,
7.0600247e-05,3.28000e+00,3.32000e+00,
7.0800248e-05,3.28000e+00,3.32000e+00,
7.1000250e-05,3.32000e+00,3.36000e+00,
7.1200251e-05,3.32000e+00,3.32000e+00,
7.1400253e-05,3.28000e+00,3.28000e+00,
7.1600254e-05,3.28000e+00,3.32000e+00,
7.1800256e-05,3.32000e+00,3.32000e+00,
7.2000257e-05,3.32000e+00,3.32000e+00,
7.2200259e-05,3.28000e+00,3.28000e+00,
7.2400260e-05,3.28000e+00,3.28000e+00,
7.2600262e-05,3.32000e+00,3.32000e+00,
7.2800263e-05,3.28000e+00,3.32000e+00,
7.3000265e-05,3.32000e+00,3.28000e+00,
7.3200266e-05,3.28000e+00,3.28000e+00,
7.3400268e-05,3.32000e+00,3.32000e+00,
7.3600269e-05,3.28000e+00,3.28000e+00,
7.3800271e-05,3.32000e+00,3.32000e+00,
7.4000272e-05,3.32000e+00,3.32000e+00,
7.4200274e-05,3.28000e+00,3.28000e+00,
7.4400275e-05,3.32000e+00,3.28000e+00,
7.4600277e-05,3.28000e+00,3.32000e+00,
7.4800279e-05,3.32000e+00,3.32000e+00,
7.5000280e-05,2.68000e+00,1.12000e+00,
7.5200282e-05,-7.99999e-02,-0.00000e+00,
7.5400283e-05,-1.20000e-01,-7.99999e-02,
7.5600285e-05,-1.20000e-01,-7.99999e-02,
7.5800286e-05,-7.99999e-02,-7.99999e-02,
7.6000288e-05,-7.99999e-02,-7.99999e-02,
7.6200289e-05,-7.99999e-02,-7.99999e-02,
7.6400291e-05,-7.99999e-02,-7.99999e-02,
7.6600292e-05,-4.00000e-02,-0.00000e+00,
7.6800294e-05,-4.00000e-02,-7.99999e-02,
7.7000295e-05,-7.99999e-02,-0.00000e+00,
7.7200297e-05,-7.99999e-02,-7.99999e-02,
7.7400298e-05,-4.00000e-02,-0.00000e+00,
7.7600300e-05,-7.99999e-02,-7.99999e-02,
7.7800301e-05,-4.00000e-02,-0.00000e+00,
7.8000303e-05,-4.00000e-02,-7.99999e-02,
7.8200304e-05,-7.99999e-02,-0.00000e+00,
7.8400306e-05,-4.00000e-02,-7.99999e-02,
7.8600307e-05,-7.99999e-02,-0.00000e+00,
7.8800309e-05,-4.00000e-02,-7.99999e-02,
7.9000311e-05,-7.99999e-02,-0.00000e+00,
7.9200312e-05,-0.00000e+00,-7.99999e-02,
7.9400314e-05,-7.99999e-02,-0.00000e+00,
7.9600315e-05,-4.00000e-02,-0.00000e+00,
7.9800317e-05,-4.00000e-02,-7.99999e-02,
8.0000318e-05,-4.00000e-02,-0.00000e+00,
8.0200320e-05,-7.99999e-02,-7.99999e-02,
8.0400321e-05,-4.00000e-02,-7.99999e-02,
8.0600323e-05,-7.99999e-02,-0.00000e+00,
8.0800324e-05,-4.00000e-02,-0.00000e+00,
8.1000326e-05,-4.00000e-02,-7.99999e-02,
8.1200327e-05,-4.00000e-02,-0.00000e+00,
8.1400329e-05,-4.00000e-02,-7.99999e-02,
8.1600330e-05,-4.00000e-02,-0.00000e+00,
8.1800332e-05,-7.99999e-02,-7.99999e-02,
8.2000333e-05,-4.00000e-02,-0.00000e+00,
8.2200335e-05,-4.00000e-02,-7.99999e-02,
8.2400336e-05,-4.00000e-02,-0.00000e+00,
8.2600338e-05,-4.00000e-02,-0.00000e+00,
8.2800339e-05,-4.00000e-02,-7.99999e-02,
8.3000341e-05,-4.00000e-02,-0.00000e+00,
8.3200342e-05,-4.00000e-02,-0.00000e+00,
8.3400344e-05,-4.00000e-02,-7.99999e-02,
8.3600346e-05,-4.00000e-02,-0.00000e+00,
8.3800347e-05,-0.00000e+00,-0.00000e+00,
8.4000349e-05,-4.00000e-02,-0.00000e+00,
8.4200350e-05,4.00000e-02,-7.99999e-02,
8.4400352e-05,-4.00000e-02,-0.00000e+00,
8.4600353e-05,-0.00000e+00,-7.99999e-02,
8.4800355e-05,-4.00000e-02,-0.00000e+00,
8.5000356e-05,-0.00000e+00,-7.99999e-02,
8.5200358e-05,-4.00000e-02,-0.00000e+00,
8.5400359e-05,4.00000e-02,-7.99999e-02,
8.5600361e-05,-4.00000e-02,-0.00000e+00,
8.5800362e-05,-0.00000e+00,-7.99999e-02,
8.6000364e-05,-4.00000e-02,-0.00000e+00,
8.6200365e-05,-0.00000e+00,-0.00000e+00,
8.6400367e-05,-0.00000e+00,-0.00000e+00,
8.6600368e-05,-4.00000e-02,-0.00000e+00,
8.6800370e-05,4.00000e-02,-0.00000e+00,
8.7000371e-05,-4.00000e-02,-0.00000e+00,
8.7200373e-05,-4.00000e-02,-0.00000e+00,
8.7400374e-05,-0.00000e+00,-7.99999e-02,
8.7600376e-05,-0.00000e+00,-0.00000e+00,
8.7800378e-05,-4.00000e-02,-7.99999e-02,
8.8000379e-05,-4.00000e-02,-0.00000e+00,
8.8200381e-05,-0.00000e+00,-0.00000e+00,
8.8400382e-05,-4.00000e-02,-0.00000e+00,
8.8600384e-05,-0.00000e+00,4.00000e-02,
8.8800385e-05,-4.00000e-02,-7.99999e-02,
8.9000387e-05,-0.00000e+00,4.00000e-02,
8.9200388e-05,-0.00000e+00,-0.00000e+00,
8.9400390e-05,-4.00000e-02,-0.00000e+00,
8.9600391e-05,-0.00000e+00,-0.00000e+00,
8.9800393e-05,-4.00000e-02,-7.99999e-02,
9.0000394e-05,-4.00000e-02,-0.00000e+00,
9.0200396e-05,-0.00000e+00,-7.99999e-02,
9.0400397e-05,-0.00000e+00,-0.00000e+00,
9.0600399e-05,-4.00000e-02,-0.00000e+00,
9.0800400e-05,4.00000e-02,-0.00000e+00,
9.1000402e-05,-4.00000e-02,-0.00000e+00,
9.1200403e-05,-4.00000e-02,-0.00000e+00,
9.1400405e-05,-0.00000e+00,4.00000e-02,
9.1600406e-05,-4.00000e-02,-0.00000e+00,
9.1800408e-05,-0.00000e+00,-0.00000e+00,
9.2000409e-05,-4.00000e-02,-0.00000e+00,
9.2200411e-05,-0.00000e+00,4.00000e-02,
9.2400413e-05,-4.00000e-02,-0.00000e+00,
9.2600414e-05,4.00000e-02,-7.99999e-02,
9.2800416e-05,-4.00000e-02,-0.00000e+00,
9.3000417e-05,-0.00000e+00,-7.99999e-02,
9.3200419e-05,-4.00000e-02,-0.00000e+00,
9.3400420e-05,4.00000e-02,-0.00000e+00,
9.3600422e-05,-4.00000e-02,-0.00000e+00,
9.3800423e-05,-0.00000e+00,-0.00000e+00,
9.4000425e-05,-0.00000e+00,4.00000e-02,
9.4200426e-05,-4.00000e-02,-7.99999e-02,
9.4400428e-05,-4.00000e-02,-0.00000e+00,
9.4600429e-05,-0.00000e+00,-0.00000e+00,
9.4800431e-05,-4.00000e-02,-0.00000e+00,
9.5000432e-05,4.00000e-02,-0.00000e+00,
9.5200434e-05,-4.00000e-02,-0.00000e+00,
9.5400435e-05,-0.00000e+00,-0.00000e+00,
